{
    "configurations": [
        {
            "name": "Win32",
            "includePath": [
                "${workspaceRoot}",
                "${workspaceRoot}/include/c++",
                "C:/MinGW/lib/gcc/mingw32/6.3.0/include/c++",
                "C:/MinGW/lib/gcc/mingw32/6.3.0/include/c++/mingw32",
                "C:/MinGW/lib/gcc/mingw32/6.3.0/include/c++/tr1"
            ],
            "defines": [
                "_DEBUG",
                "UNICODE"
            ],
            "intelliSenseMode": "msvc-x64",
            "browse": {
                "path": [
                    "${workspaceRoot}",
                    "C:\\MinGW\\lib\\gcc\\mingw32\\6.3.0\\include\\c++"
                ],
                "limitSymbolsToIncludedHeaders": true,
                "databaseFilename": ""
            },
            "compilerPath": "C:/Program Files (x86)/Microsoft Visual Studio/2017/Enterprise/VC/Tools/MSVC/14.16.27023/bin/Hostx64/x64/cl.exe",
            "cStandard": "c11",
            "cppStandard": "c++17"
        }
    ],
    "version": 4
}